h,tau,error
0.125,1.52588e-05,0.344154
0.0625,1.52588e-05,0.344154
0.03125,1.52588e-05,0.344154
0.015625,1.52588e-05,0.344154
0.0078125,1.52588e-05,0.344154
0.00390625,1.52588e-05,0.344154
0.00195312,1.52588e-05,0.344154
0.000976562,1.52588e-05,0.344154
0.000488281,1.52588e-05,0.344154
0.000244141,1.52588e-05,0.344154
0.00012207,1.52588e-05,0.344154
6.10352e-05,1.52588e-05,0.344154
