h,tau,error
0.03125,3.05176e-05,2.31824e-56
0.015625,3.05176e-05,1.7391e-97
0.0078125,3.05176e-05,2.36148e-169
0.00390625,3.05176e-05,2.22913e-292
0.00195312,3.05176e-05,0
0.000976562,3.05176e-05,0
0.000488281,3.05176e-05,0
0.000244141,3.05176e-05,0
0.00012207,3.05176e-05,0
