h,tau,error
0.03125,0.03125,0.116048
0.015625,0.015625,0.0936413
0.0078125,0.0078125,0.0755691
0.00390625,0.00390625,0.0550026
0.00195312,0.00195312,0.0381617
0.000976562,0.000976562,0.0250438
0.000488281,0.000488281,0.0156209
0.000244141,0.000244141,0.0092704
0.00012207,0.00012207,0.0052497
6.10352e-05,6.10352e-05,0.00285254
3.05176e-05,3.05176e-05,0.0015001
