h,tau,error
0.03125,0.03125,0.14107
0.015625,0.015625,0.123129
0.0078125,0.0078125,0.104966
0.00390625,0.00390625,0.0823709
0.00195312,0.00195312,0.0609247
0.000976562,0.000976562,0.0427075
