h,tau,error
0.000976562,0.03125,9.3949e+118
0.000976562,0.015625,8.92271e+99
0.000976562,0.0078125,3.42214e+79
0.000976562,0.00390625,5.225e+52
