h,tau,error
0.03125,0.03125,0.0715307
0.015625,0.015625,0.0790621
0.0078125,0.0078125,0.0701155
0.00390625,0.00390625,0.0479857
0.00195312,0.00195312,0.0246012
0.000976562,0.000976562,0.00877384
