h,tau,error
0.125,0.125,0.129039
0.0625,0.0625,0.0779608
0.03125,0.03125,0.0594224
0.015625,0.015625,0.0425292
0.0078125,0.0078125,0.0286411
0.00390625,0.00390625,0.0181907
0.00195312,0.00195312,0.0109396
0.000976562,0.000976562,0.00625394
0.000488281,0.000488281,0.00342041
0.000244141,0.000244141,0.0018062
0.00012207,0.00012207,0.000931024
6.10352e-05,6.10352e-05,0.000473026
3.05176e-05,3.05176e-05,0.000238456
1.52588e-05,1.52588e-05,0.000119722
