h,tau,error
0.03125,3.05176e-05,0.329267
0.015625,3.05176e-05,0.358339
0.0078125,3.05176e-05,0.365388
0.00390625,3.05176e-05,0.367187
0.00195312,3.05176e-05,0.367666
0.000976562,3.05176e-05,0.367801
0.000488281,3.05176e-05,0.367843
0.000244141,3.05176e-05,0.367857
0.00012207,3.05176e-05,0.367859
