h,tau,error
0.03125,0.03125,0.235178
0.015625,0.015625,0.190763
0.0078125,0.0078125,0.138861
0.00390625,0.00390625,0.105585
0.00195312,0.00195312,0.0844782
0.000976562,0.000976562,0.0631851
