h,tau,error
0.00012207,0.03125,0.0185514
0.00012207,0.015625,0.0132718
0.00012207,0.0078125,0.00931655
0.00012207,0.00390625,0.00746295
0.00012207,0.00195312,0.0056672
0.00012207,0.000976562,0.00419762
0.00012207,0.000488281,0.0031278
