h,tau,error
0.03125,0.03125,0.0235178
0.015625,0.015625,0.0190763
0.0078125,0.0078125,0.0138861
0.00390625,0.00390625,0.0105585
0.00195312,0.00195312,0.00844782
0.000976562,0.000976562,0.00631851
0.000488281,0.000488281,0.00446523
0.000244141,0.000244141,0.00298929
0.00012207,0.00012207,0.00189853
