h,tau,error
0.03125,0.03125,0.256562
0.015625,0.015625,0.214579
0.0078125,0.0078125,0.163634
0.00390625,0.00390625,0.108955
0.00195312,0.00195312,0.0850228
0.000976562,0.000976562,0.0647414
0.000488281,0.000488281,0.0463191
0.000244141,0.000244141,0.0312836
0.00012207,0.00012207,0.0200075
6.10352e-05,6.10352e-05,0.0121409
3.05176e-05,3.05176e-05,0.00700994
