h,tau,error
0.000976562,0.00390625,3.49587e+216
