h,tau,error
0.03125,0.00012207,0.00798092
0.015625,0.00012207,0.00770585
0.0078125,0.00012207,0.00585643
0.00390625,0.00012207,0.00341102
0.00195312,0.00012207,0.0014731
0.000976562,0.00012207,0.000430276
0.000488281,0.00012207,7.39857e-05
