h,tau,error
0.00012207,0.03125,0.0117213
0.00012207,0.015625,0.00935814
0.00012207,0.0078125,0.00710614
0.00012207,0.00390625,0.00515708
0.00012207,0.00195312,0.00363289
0.00012207,0.000976562,0.0025297
0.00012207,0.000488281,0.00179201
