h,tau,error
0.03125,0.03125,0.205823
0.015625,0.015625,0.158091
0.0078125,0.0078125,0.116089
0.00390625,0.00390625,0.0967874
0.00195312,0.00195312,0.0746975
0.000976562,0.000976562,0.0543882
0.000488281,0.000488281,0.0374732
0.000244141,0.000244141,0.0244852
0.00012207,0.00012207,0.0151903
6.10352e-05,6.10352e-05,0.00896221
3.05176e-05,3.05176e-05,0.00504572
