h,tau,error
0.00012207,0.03125,0.00856541
0.00012207,0.015625,0.00648916
0.00012207,0.0078125,0.00458859
0.00012207,0.00390625,0.00313071
0.00012207,0.00195312,0.00207618
0.00012207,0.000976562,0.00136939
0.00012207,0.000488281,0.000927366
