h,tau,error
0.00012207,0.03125,0.0184911
0.00012207,0.015625,0.0132061
0.00012207,0.0078125,0.00974856
0.00012207,0.00390625,0.00762452
0.00012207,0.00195312,0.00572414
0.00012207,0.000976562,0.00421558
0.00012207,0.000488281,0.00313261
