h,tau,error
0.03125,0.000976562,1.18791e-29
0.015625,0.000976562,3.57242e-45
0.0078125,0.000976562,6.81874e-66
0.00390625,0.000976562,1.53177e-86
