h,tau,error
0.03125,0.000976562,0.367879
0.015625,0.000976562,0.367879
0.0078125,0.000976562,0.367879
0.00390625,0.000976562,0.367879
