h,tau,error
0.000976562,0.00390625,1.27073e+254
