h,tau,error
0.03125,0.000976562,0.311021
0.015625,0.000976562,0.347319
0.0078125,0.000976562,0.357796
0.00390625,0.000976562,0.360738
