h,tau,error
0.03125,0.03125,0.0253103
0.015625,0.015625,0.0212073
0.0078125,0.0078125,0.01623
0.00390625,0.00390625,0.0108103
0.00195312,0.00195312,0.00868644
0.000976562,0.000976562,0.00653929
0.000488281,0.000488281,0.00465073
0.000244141,0.000244141,0.00313196
0.00012207,0.00012207,0.00200061
