h,tau,error
0.125,0.125,0.0756967
0.0625,0.0625,0.0572712
0.03125,0.03125,0.0407535
0.015625,0.015625,0.0271291
0.0078125,0.0078125,0.0171504
0.00390625,0.00390625,0.010303
0.00195312,0.00195312,0.0058997
0.000976562,0.000976562,0.00323632
0.000488281,0.000488281,0.00171418
0.000244141,0.000244141,0.000885556
0.00012207,0.00012207,0.000450525
6.10352e-05,6.10352e-05,0.000227277
3.05176e-05,3.05176e-05,0.000114151
1.52588e-05,1.52588e-05,5.72051e-05
