h,tau,error
0.03125,0.03125,0.253158
0.015625,0.015625,0.212433
0.0078125,0.0078125,0.162393
0.00390625,0.00390625,0.108119
0.00195312,0.00195312,0.0868642
0.000976562,0.000976562,0.0653929
0.000488281,0.000488281,0.0465073
0.000244141,0.000244141,0.0313196
0.00012207,0.00012207,0.0200061
6.10352e-05,6.10352e-05,0.0121353
3.05176e-05,3.05176e-05,0.00700681
