h,tau,error
0.03125,0.03125,0.253103
0.015625,0.015625,0.212073
0.0078125,0.0078125,0.1623
0.00390625,0.00390625,0.108103
0.00195312,0.00195312,0.0868644
0.000976562,0.000976562,0.0653929
