h,tau,error
0.00012207,0.03125,0.0128494
0.00012207,0.015625,0.0107601
0.00012207,0.0078125,0.00855637
0.00012207,0.00390625,0.0064451
0.00012207,0.00195312,0.00469897
0.00012207,0.000976562,0.00336993
0.00012207,0.000488281,0.00244913
