h,tau,error
0.03125,0.03125,0.204621
0.015625,0.015625,0.157387
0.0078125,0.0078125,0.116133
0.00390625,0.00390625,0.0967897
0.00195312,0.00195312,0.0746975
0.000976562,0.000976562,0.0543882
