h,tau,error
0.03125,0.03125,0.116048
0.015625,0.015625,0.0936413
0.0078125,0.0078125,0.0755691
0.00390625,0.00390625,0.0550026
0.00195312,0.00195312,0.0381617
0.000976562,0.000976562,0.0250438
