h,tau,error
0.03125,0.03125,0.256547
0.015625,0.015625,0.214229
0.0078125,0.0078125,0.163542
0.00390625,0.00390625,0.108939
0.00195312,0.00195312,0.085023
0.000976562,0.000976562,0.0647414
