h,tau,error
0.000976562,0.0078125,6.14096e+242
0.000976562,0.00390625,4.69633e+173
