h,tau,error
0.000976562,0.03125,6.51699e+260
0.000976562,0.015625,1.51588e+212
0.000976562,0.0078125,4.62061e+167
0.000976562,0.00390625,7.53664e+121
