h,tau,error
0.03125,0.03125,0.0204621
0.015625,0.015625,0.0157387
0.0078125,0.0078125,0.0116133
0.00390625,0.00390625,0.00967897
0.00195312,0.00195312,0.00746975
0.000976562,0.000976562,0.00543882
0.000488281,0.000488281,0.00374732
0.000244141,0.000244141,0.00244852
0.00012207,0.00012207,0.00151903
