h,tau,error
0.03125,0.03125,0.0730666
0.015625,0.015625,0.0791963
0.0078125,0.0078125,0.0701034
0.00390625,0.00390625,0.0479844
0.00195312,0.00195312,0.0246011
0.000976562,0.000976562,0.00877384
0.000488281,0.000488281,0.00182
0.000244141,0.000244141,0.000157574
0.00012207,0.00012207,3.13388e-06
6.10352e-05,6.10352e-05,4.80707e-09
3.05176e-05,3.05176e-05,7.44164e-14
