h,tau,error
0.03125,0.03125,0.00715307
0.015625,0.015625,0.00790621
0.0078125,0.0078125,0.00701155
0.00390625,0.00390625,0.00479857
0.00195312,0.00195312,0.00246012
0.000976562,0.000976562,0.000877384
0.000488281,0.000488281,0.000182
0.000244141,0.000244141,1.57574e-05
0.00012207,0.00012207,3.13388e-07
