h,tau,error
0.00012207,0.03125,0.0162224
0.00012207,0.015625,0.0115268
0.00012207,0.0078125,0.00953034
0.00012207,0.00390625,0.00738817
0.00012207,0.00195312,0.0055185
0.00012207,0.000976562,0.00404123
0.00012207,0.000488281,0.00298996
