h,tau,error
0.03125,0.03125,0.137522
0.015625,0.015625,0.122717
0.0078125,0.0078125,0.10494
0.00390625,0.00390625,0.0823703
0.00195312,0.00195312,0.0609247
0.000976562,0.000976562,0.0427075
0.000488281,0.000488281,0.0283883
0.000244141,0.000244141,0.0179166
0.00012207,0.00012207,0.0107504
6.10352e-05,6.10352e-05,0.00614786
3.05176e-05,3.05176e-05,0.00336768
