h,tau,error
0.03125,0.00012207,0.0100957
0.015625,0.00012207,0.00824052
0.0078125,0.00012207,0.00624747
0.00390625,0.00012207,0.00447507
0.00195312,0.00012207,0.00304712
0.000976562,0.00012207,0.00198996
0.000488281,0.00012207,0.00126477
