h,tau,error
0.00012207,0.03125,0
0.00012207,0.015625,0
0.00012207,0.0078125,0
0.00012207,0.00390625,0
0.00012207,0.00195312,0
0.00012207,0.000976562,0
0.00012207,0.000488281,0
