h,tau,error
0.03125,0.03125,0.235521
0.015625,0.015625,0.191238
0.0078125,0.0078125,0.13897
0.00390625,0.00390625,0.105582
0.00195312,0.00195312,0.0844781
0.000976562,0.000976562,0.0631851
0.000488281,0.000488281,0.0446523
0.000244141,0.000244141,0.0298929
0.00012207,0.00012207,0.0189853
6.10352e-05,6.10352e-05,0.0114551
3.05176e-05,3.05176e-05,0.00658266
