h,tau,error
0.03125,0.03125,0.014107
0.015625,0.015625,0.0123129
0.0078125,0.0078125,0.0104966
0.00390625,0.00390625,0.00823709
0.00195312,0.00195312,0.00609247
0.000976562,0.000976562,0.00427075
0.000488281,0.000488281,0.00283883
0.000244141,0.000244141,0.00179166
0.00012207,0.00012207,0.00107504
