h,tau,error
0.03125,0.03125,0.0256547
0.015625,0.015625,0.0214229
0.0078125,0.0078125,0.0163542
0.00390625,0.00390625,0.0108939
0.00195312,0.00195312,0.0085023
0.000976562,0.000976562,0.00647414
0.000488281,0.000488281,0.00463191
0.000244141,0.000244141,0.00312836
0.00012207,0.00012207,0.00200075
