h,tau,error
0.03125,3.05176e-05,0.412478
0.015625,3.05176e-05,0.398499
0.0078125,3.05176e-05,0.386793
0.00390625,3.05176e-05,0.378132
0.00195312,3.05176e-05,0.372467
0.000976562,3.05176e-05,0.369492
0.000488281,3.05176e-05,0.368314
0.000244141,3.05176e-05,0.367966
0.00012207,3.05176e-05,0.367892
