h,tau,error
0.03125,0.03125,0.134601
0.015625,0.015625,0.0765061
0.0078125,0.0078125,0.0418445
0.00390625,0.00390625,0.0197845
0.00195312,0.00195312,0.0102609
0.000976562,0.000976562,0.00437895
0.000488281,0.000488281,0.00150192
0.000244141,0.000244141,0.000437021
0.00012207,0.00012207,0.000116018
6.10352e-05,6.10352e-05,2.95898e-05
3.05176e-05,3.05176e-05,7.44029e-06
