h,tau,error
0.03125,0.03125,0.183143
0.015625,0.015625,0.0837434
0.0078125,0.0078125,0.0508791
0.00390625,0.00390625,0.0255464
0.00195312,0.00195312,0.0125858
0.000976562,0.000976562,0.00566523
0.000488281,0.000488281,0.00204936
0.000244141,0.000244141,0.000618165
0.00012207,0.00012207,0.000167064
6.10352e-05,6.10352e-05,4.29202e-05
3.05176e-05,3.05176e-05,1.08183e-05
