h,tau,error
0.03125,3.05176e-05,0.371585
0.015625,3.05176e-05,0.387112
0.0078125,3.05176e-05,0.383768
0.00390625,3.05176e-05,0.37713
0.00195312,3.05176e-05,0.371907
0.000976562,3.05176e-05,0.368869
0.000488281,3.05176e-05,0.366777
0.000244141,3.05176e-05,0.362551
0.00012207,3.05176e-05,0.346735
