h,tau,error
0.03125,0.03125,0.12698
0.015625,0.015625,0.0799018
0.0078125,0.0078125,0.0490856
0.00390625,0.00390625,0.0275251
0.00195312,0.00195312,0.0134622
0.000976562,0.000976562,0.00537347
0.000488281,0.000488281,0.00179613
0.000244141,0.000244141,0.000605187
0.00012207,0.00012207,0.000173757
6.10352e-05,6.10352e-05,4.40182e-05
3.05176e-05,3.05176e-05,1.08819e-05
