h,tau,error
0.125,0.125,0.010408
0.0625,0.0625,0.0055784
0.03125,0.03125,0.00241011
0.015625,0.015625,0.000833122
0.0078125,0.0078125,0.000243283
0.00390625,0.00390625,6.44159e-05
0.00195312,0.00195312,1.64125e-05
0.000976562,0.000976562,4.1295e-06
0.000488281,0.000488281,1.03486e-06
0.000244141,0.000244141,2.58974e-07
0.00012207,0.00012207,6.47728e-08
6.10352e-05,6.10352e-05,1.61967e-08
3.05176e-05,3.05176e-05,4.04959e-09
1.52588e-05,1.52588e-05,1.01245e-09
