h,tau,error
0.125,1.52588e-05,0.500233
0.0625,1.52588e-05,0.487289
0.03125,1.52588e-05,0.488791
0.015625,1.52588e-05,0.484659
0.0078125,1.52588e-05,0.469254
0.00390625,1.52588e-05,0.428338
0.00195312,1.52588e-05,0.379029
0.000976562,1.52588e-05,0.368524
0.000488281,1.52588e-05,0.367919
0.000244141,1.52588e-05,0.367882
0.00012207,1.52588e-05,0.36788
6.10352e-05,1.52588e-05,0.367879
