h,tau,error
0.125,0.125,0.0464618
0.0625,0.0625,0.0268727
0.03125,0.03125,0.0132036
0.015625,0.015625,0.00522746
0.0078125,0.0078125,0.00174346
0.00390625,0.00390625,0.000579593
0.00195312,0.00195312,0.000164456
0.000976562,0.000976562,4.14801e-05
0.000488281,0.000488281,1.02665e-05
0.000244141,0.000244141,2.56135e-06
0.00012207,0.00012207,6.40009e-07
6.10352e-05,6.10352e-05,1.59981e-07
3.05176e-05,3.05176e-05,3.99939e-08
1.52588e-05,1.52588e-05,9.99838e-09
