h,tau,error
0.03125,0.03125,0.169823
0.015625,0.015625,0.0814763
0.0078125,0.0078125,0.0487646
0.00390625,0.00390625,0.0230818
0.00195312,0.00195312,0.0122189
0.000976562,0.000976562,0.00543974
0.000488281,0.000488281,0.00194774
0.000244141,0.000244141,0.000582718
0.00012207,0.00012207,0.000156928
6.10352e-05,6.10352e-05,4.02523e-05
3.05176e-05,3.05176e-05,1.01401e-05
