h,tau,error
0.03125,0.03125,0.091914
0.015625,0.015625,0.0635334
0.0078125,0.0078125,0.032068
0.00390625,0.00390625,0.015899
0.00195312,0.00195312,0.00780785
0.000976562,0.000976562,0.00313422
0.000488281,0.000488281,0.00101514
0.000244141,0.000244141,0.000285204
0.00012207,0.00012207,7.44667e-05
6.10352e-05,6.10352e-05,1.88747e-05
3.05176e-05,3.05176e-05,4.73673e-06
