h,tau,error
0.03125,0.03125,0.0304101
0.015625,0.015625,0.0127782
0.0078125,0.0078125,0.00310202
0.00390625,0.00390625,0.000327912
0.00195312,0.00195312,8.51392e-06
0.000976562,0.000976562,1.87786e-08
0.000488281,0.000488281,4.79664e-13
0.000244141,0.000244141,3.17747e-21
0.00012207,0.00012207,3.56808e-36
6.10352e-05,6.10352e-05,4.22419e-64
3.05176e-05,3.05176e-05,3.47128e-117
