h,tau,error
0.03125,3.05176e-05,0.00220261
0.015625,3.05176e-05,0.00021665
0.0078125,3.05176e-05,4.24298e-06
0.00390625,3.05176e-05,6.57436e-09
0.00195312,3.05176e-05,6.67646e-14
0.000976562,3.05176e-05,1.35564e-22
0.000488281,3.05176e-05,1.54204e-38
0.000244141,3.05176e-05,3.07023e-68
0.00012207,3.05176e-05,1.46023e-124
