h,tau,error
0.03125,0.03125,0.00801764
0.015625,0.015625,0.00590164
0.0078125,0.0078125,0.00331498
0.00390625,0.00390625,0.00135899
0.00195312,0.00195312,0.000352981
0.000976562,0.000976562,4.44674e-05
0.000488281,0.000488281,1.68466e-06
0.000244141,0.000244141,8.07329e-09
0.00012207,0.00012207,9.87061e-13
