h,tau,error
0.03125,0.000976562,0.175263
0.015625,0.000976562,0.124075
0.0078125,0.000976562,0.102708
0.00390625,0.000976562,0.0791394
