h,tau,error
0.03125,0.00012207,0.0233526
0.015625,0.00012207,0.0185578
0.0078125,0.00012207,0.0130865
0.00390625,0.00012207,0.00930401
0.00195312,0.00012207,0.00722768
0.000976562,0.00012207,0.00519773
0.000488281,0.00012207,0.00343043
