h,tau,error
0.125,6.10352e-05,0.0084367
0.0625,6.10352e-05,0.0128092
0.03125,6.10352e-05,0.00966733
0.015625,6.10352e-05,0.00618077
0.0078125,6.10352e-05,0.00361594
0.00390625,6.10352e-05,0.00199082
0.00195312,6.10352e-05,0.00104799
0.000976562,6.10352e-05,0.000532868
0.000488281,6.10352e-05,0.000262318
0.000244141,6.10352e-05,0.000123498
