h,tau,error
0.125,0.125,0.0714655
0.0625,0.0625,0.0535274
0.03125,0.03125,0.0377358
0.015625,0.015625,0.0248085
0.0078125,0.0078125,0.0154884
0.00390625,0.00390625,0.00917247
0.00195312,0.00195312,0.00518057
0.000976562,0.000976562,0.00280753
0.000488281,0.000488281,0.00147337
0.000244141,0.000244141,0.000756641
0.00012207,0.00012207,0.000383652
6.10352e-05,6.10352e-05,0.000193201
3.05176e-05,3.05176e-05,9.69491e-05
1.52588e-05,1.52588e-05,4.85624e-05
