h,tau,error
0.03125,0.03125,0.123891
0.015625,0.015625,0.0988492
0.0078125,0.0078125,0.0823808
0.00390625,0.00390625,0.0618085
0.00195312,0.00195312,0.0438443
0.000976562,0.000976562,0.0293421
