h,tau,error
0.03125,0.000976562,0.100171
0.015625,0.000976562,0.0810921
0.0078125,0.000976562,0.06026
0.00390625,0.000976562,0.0411563
