h,tau,error
0.03125,0.03125,0.0158206
0.015625,0.015625,0.0107053
0.0078125,0.0078125,0.00919915
0.00390625,0.00390625,0.00711477
0.00195312,0.00195312,0.00517098
0.000976562,0.000976562,0.00354729
0.000488281,0.000488281,0.00230557
0.000244141,0.000244141,0.00142144
0.00012207,0.00012207,0.000833282
