h,tau,error
0.125,6.10352e-05,0.0845524
0.0625,6.10352e-05,0.0637079
0.03125,6.10352e-05,0.0452946
0.015625,6.10352e-05,0.0304754
0.0078125,6.10352e-05,0.0194301
0.00390625,6.10352e-05,0.0117474
0.00195312,6.10352e-05,0.00673836
0.000976562,6.10352e-05,0.00366793
0.000488281,6.10352e-05,0.00189198
0.000244141,6.10352e-05,0.000915987
