h,tau,error
0.03125,0.03125,0.158206
0.015625,0.015625,0.107053
0.0078125,0.0078125,0.0919915
0.00390625,0.00390625,0.0711477
0.00195312,0.00195312,0.0517098
0.000976562,0.000976562,0.0354729
