h,tau,error
0.03125,0.03125,0.0102813
0.015625,0.015625,0.00840703
0.0078125,0.0078125,0.00680627
0.00390625,0.00390625,0.00491009
0.00195312,0.00195312,0.00336883
0.000976562,0.000976562,0.00217757
0.000488281,0.000488281,0.00133647
0.000244141,0.000244141,0.000779663
0.00012207,0.00012207,0.000434456
