h,tau,error
0.03125,0.03125,0.0123891
0.015625,0.015625,0.00988492
0.0078125,0.0078125,0.00823808
0.00390625,0.00390625,0.00618085
0.00195312,0.00195312,0.00438443
0.000976562,0.000976562,0.00293421
0.000488281,0.000488281,0.00186275
0.000244141,0.000244141,0.00112234
0.00012207,0.00012207,0.000643982
