h,tau,error
0.03125,0.000976562,0.232687
0.015625,0.000976562,0.183503
0.0078125,0.000976562,0.126362
0.00390625,0.000976562,0.0898597
