h,tau,error
0.03125,0.03125,0.0801764
0.015625,0.015625,0.0590164
0.0078125,0.0078125,0.0331498
0.00390625,0.00390625,0.0135899
0.00195312,0.00195312,0.00352981
0.000976562,0.000976562,0.000444674
