h,tau,error
0.125,6.10352e-05,0.097134
0.0625,6.10352e-05,0.0752289
0.03125,6.10352e-05,0.0549388
0.015625,6.10352e-05,0.0379593
0.0078125,6.10352e-05,0.0248472
0.00390625,6.10352e-05,0.0154142
0.00195312,6.10352e-05,0.00906042
0.000976562,6.10352e-05,0.00504122
0.000488281,6.10352e-05,0.00264704
0.000244141,6.10352e-05,0.00129765
