h,tau,error
0.03125,0.03125,0.0182039
0.015625,0.015625,0.0129583
0.0078125,0.0078125,0.00943715
0.00390625,0.00390625,0.007361
0.00195312,0.00195312,0.00537443
0.000976562,0.000976562,0.00370976
0.000488281,0.000488281,0.00242449
0.000244141,0.000244141,0.00150272
0.00012207,0.00012207,0.000885352
