h,tau,error
0.03125,0.03125,0.182039
0.015625,0.015625,0.129583
0.0078125,0.0078125,0.0943715
0.00390625,0.00390625,0.07361
0.00195312,0.00195312,0.0537443
0.000976562,0.000976562,0.0370976
