h,tau,error
0.03125,0.00012207,0.0127125
0.015625,0.00012207,0.0111867
0.0078125,0.00012207,0.00906408
0.00390625,0.00012207,0.00686845
0.00195312,0.00012207,0.0048871
0.000976562,0.00012207,0.00325214
0.000488281,0.00012207,0.00199269
