h,tau,error
0.03125,0.00012207,0.00798579
0.015625,0.00012207,0.00769548
0.0078125,0.00012207,0.00580347
0.00390625,0.00012207,0.00330403
0.00195312,0.00012207,0.00133522
0.000976562,0.00012207,0.000318504
0.000488281,0.00012207,2.87501e-05
