h,tau,error
0.03125,0.000976562,0.0800263
0.015625,0.000976562,0.0765656
0.0078125,0.000976562,0.056079
0.00390625,0.000976562,0.0291122
