h,tau,error
0.03125,0.000976562,0.126746
0.015625,0.000976562,0.110913
0.0078125,0.000976562,0.0886925
0.00390625,0.000976562,0.0650593
