h,tau,error
0.125,6.10352e-05,0.0975926
0.0625,6.10352e-05,0.0669215
0.03125,6.10352e-05,0.0492237
0.015625,6.10352e-05,0.033939
0.0078125,6.10352e-05,0.0220379
0.00390625,6.10352e-05,0.0135089
0.00195312,6.10352e-05,0.00782844
0.000976562,6.10352e-05,0.00429263
0.000488281,6.10352e-05,0.00222508
0.000244141,6.10352e-05,0.00108045
