h,tau,error
0.03125,0.03125,0.102813
0.015625,0.015625,0.0840703
0.0078125,0.0078125,0.0680627
0.00390625,0.00390625,0.0491009
0.00195312,0.00195312,0.0336883
0.000976562,0.000976562,0.0217757
