h,tau,error
0.125,6.10352e-05,0.0956075
0.0625,6.10352e-05,0.077501
0.03125,6.10352e-05,0.0580513
0.015625,6.10352e-05,0.0408247
0.0078125,6.10352e-05,0.0270833
0.00390625,6.10352e-05,0.0169765
0.00195312,6.10352e-05,0.0100583
0.000976562,6.10352e-05,0.00562957
0.000488281,6.10352e-05,0.00296827
0.000244141,6.10352e-05,0.001459
