h,tau,error
0.125,6.10352e-05,0.0633631
0.0625,6.10352e-05,0.0465967
0.03125,6.10352e-05,0.0320325
0.015625,6.10352e-05,0.0207684
0.0078125,6.10352e-05,0.0127466
0.00390625,6.10352e-05,0.00742423
0.00195312,6.10352e-05,0.0041139
0.000976562,6.10352e-05,0.00217466
0.000488281,6.10352e-05,0.00109752
0.000244141,6.10352e-05,0.000524028
