h,tau,error
0.125,6.10352e-05,0.103673
0.0625,6.10352e-05,0.0818558
0.03125,6.10352e-05,0.060785
0.015625,6.10352e-05,0.0426693
0.0078125,6.10352e-05,0.0283318
0.00390625,6.10352e-05,0.0178176
0.00195312,6.10352e-05,0.0106137
0.000976562,6.10352e-05,0.00597623
0.000488281,6.10352e-05,0.00316877
0.000244141,6.10352e-05,0.00156446
