h,tau,error
0.03125,0.000976562,0.228706
0.015625,0.000976562,0.181123
0.0078125,0.000976562,0.125188
0.00390625,0.000976562,0.0913544
