h,tau,error
0.125,1.52588e-05,0.0976062
0.0625,1.52588e-05,0.0669311
0.03125,1.52588e-05,0.0492415
0.015625,1.52588e-05,0.033968
0.0078125,1.52588e-05,0.022081
0.00390625,1.52588e-05,0.0135681
0.00195312,1.52588e-05,0.00790431
0.000976562,1.52588e-05,0.00438371
0.000488281,1.52588e-05,0.00232816
0.000244141,1.52588e-05,0.00119159
0.00012207,1.52588e-05,0.000588875
6.10352e-05,1.52588e-05,0.000277814
