h,tau,error
0.03125,0.00012207,0.0209281
0.015625,0.00012207,0.0160186
0.0078125,0.00012207,0.0112038
0.00390625,0.00012207,0.00926668
0.00195312,0.00012207,0.00706748
0.000976562,0.00012207,0.00501798
0.000488281,0.00012207,0.00328187
