h,tau,error
0.125,0.125,0.042707
0.0625,0.0625,0.0305521
0.03125,0.03125,0.0205305
0.015625,0.015625,0.0127123
0.0078125,0.0078125,0.00745499
0.00390625,0.00390625,0.00416684
0.00195312,0.00195312,0.00223812
0.000976562,0.000976562,0.00116708
0.000488281,0.000488281,0.000597038
0.000244141,0.000244141,0.000302089
0.00012207,0.00012207,0.000151961
6.10352e-05,6.10352e-05,7.62128e-05
3.05176e-05,3.05176e-05,3.81648e-05
1.52588e-05,1.52588e-05,1.90971e-05
