h,tau,error
0.03125,0.000976562,0.208338
0.015625,0.000976562,0.158016
0.0078125,0.000976562,0.110581
0.00390625,0.000976562,0.0888938
