h,tau,error
0.03125,0.00012207,0.0229565
0.015625,0.00012207,0.0183209
0.0078125,0.00012207,0.0129663
0.00390625,0.00012207,0.00950676
0.00195312,0.00012207,0.00730043
0.000976562,0.00012207,0.00521841
0.000488281,0.00012207,0.00343397
