h,tau,error
0.03125,0.00012207,0.0176295
0.015625,0.00012207,0.0126205
0.0078125,0.00012207,0.0104485
0.00390625,0.00012207,0.00829721
0.00195312,0.00012207,0.00614201
0.000976562,0.00012207,0.00424486
0.000488281,0.00012207,0.00270262
