h,tau,error
0.125,6.10352e-05,0.0841019
0.0625,6.10352e-05,0.0535529
0.03125,6.10352e-05,0.038251
0.015625,6.10352e-05,0.0255469
0.0078125,6.10352e-05,0.0160441
0.00390625,6.10352e-05,0.00950986
0.00195312,6.10352e-05,0.00533765
0.000976562,6.10352e-05,0.00284654
0.000488281,6.10352e-05,0.00144454
0.000244141,6.10352e-05,0.000691847
