h,tau,error
0.03125,0.03125,0.00689173
0.015625,0.015625,0.00549507
0.0078125,0.0078125,0.00430911
0.00390625,0.00390625,0.0029292
0.00195312,0.00195312,0.00189837
0.000976562,0.000976562,0.00115489
0.000488281,0.000488281,0.000667573
0.000244141,0.000244141,0.000368962
0.00012207,0.00012207,0.00019647
