h,tau,error
0.000976562,0.03125,0.00164897
0.000976562,0.015625,5.97355e+14
0.000976562,0.0078125,2.30515e+41
0.000976562,0.00390625,4.17294e+91
