h,tau,error
0.000976562,0.03125,5.61755e+22
0.000976562,0.015625,1.04747e+16
0.000976562,0.0078125,5.65678e+45
0.000976562,0.00390625,6.62382e+93
