h,tau,error
0.000976562,0.03125,0.367879
0.000976562,0.015625,0.367879
0.000976562,0.0078125,6.80038e+40
0.000976562,0.00390625,1.45223e+79
