h,tau,error
0.03125,0.03125,0.00319785
0.015625,0.015625,0.000405317
0.0078125,0.0078125,1.31617e-05
0.00390625,0.00390625,3.92344e-08
0.00195312,0.00195312,1.37206e-12
0.000976562,0.000976562,1.18349e-20
0.000488281,0.000488281,1.27048e-35
0.000244141,0.000244141,6.28014e-64
0.00012207,0.00012207,3.01082e-118
6.10352e-05,6.10352e-05,1.15866e-223
3.05176e-05,3.05176e-05,0
