h,tau,error
0.03125,0.03125,0.252383
0.015625,0.015625,0.215348
0.0078125,0.0078125,0.163938
0.00390625,0.00390625,0.108883
0.00195312,0.00195312,0.0864452
0.000976562,0.000976562,0.0652391
0.000488281,0.000488281,0.0464661
0.000244141,0.000244141,0.0313126
0.00012207,0.00012207,0.0200071
6.10352e-05,6.10352e-05,0.0121369
3.05176e-05,3.05176e-05,0.00700764
