h,tau,error
0.03125,3.05176e-05,0.00319785
0.015625,3.05176e-05,0.000405317
0.0078125,3.05176e-05,1.31617e-05
0.00390625,3.05176e-05,3.92344e-08
0.00195312,3.05176e-05,1.37206e-12
0.000976562,3.05176e-05,1.18349e-20
0.000488281,3.05176e-05,1.27048e-35
0.000244141,3.05176e-05,6.28014e-64
0.00012207,3.05176e-05,3.01082e-118
