h,tau,error
0.03125,0.03125,0.215794
0.015625,0.015625,0.162178
0.0078125,0.0078125,0.110328
0.00390625,0.00390625,0.0937202
0.00195312,0.00195312,0.0736466
0.000976562,0.000976562,0.0540291
0.000488281,0.000488281,0.0373913
0.000244141,0.000244141,0.0244813
0.00012207,0.00012207,0.0151986
6.10352e-05,6.10352e-05,0.00896788
3.05176e-05,3.05176e-05,0.00504803
