h,tau,error
0.03125,3.05176e-05,0.328438
0.015625,3.05176e-05,0.357718
0.0078125,3.05176e-05,0.364892
0.00390625,3.05176e-05,0.366727
0.00195312,3.05176e-05,0.367123
0.000976562,3.05176e-05,0.366889
0.000488281,3.05176e-05,0.365652
0.000244141,3.05176e-05,0.361181
0.00012207,3.05176e-05,0.344579
