h,tau,error
0.03125,0.03125,0.158674
0.015625,0.015625,0.111962
0.0078125,0.0078125,0.0984423
0.00390625,0.00390625,0.0800268
0.00195312,0.00195312,0.0600884
0.000976562,0.000976562,0.0425013
0.000488281,0.000488281,0.0283617
0.000244141,0.000244141,0.0179305
0.00012207,0.00012207,0.0107625
6.10352e-05,6.10352e-05,0.00615336
3.05176e-05,3.05176e-05,0.00336947
