h,tau,error
0.03125,3.05176e-05,0.107661
0.015625,3.05176e-05,0.140138
0.0078125,3.05176e-05,0.187605
0.00390625,3.05176e-05,0.241828
0.00195312,3.05176e-05,0.293173
0.000976562,3.05176e-05,0.330018
0.000488281,3.05176e-05,0.349833
0.000244141,3.05176e-05,0.359161
0.00012207,3.05176e-05,0.363596
