h,tau,error
0.000976562,0.03125,9.63233e+17
0.000976562,0.015625,7.22789e+21
0.000976562,0.0078125,1.14074e+47
0.000976562,0.00390625,1.78663e+96
