h,tau,error
0.125,0.125,0.129239
0.0625,0.0625,0.0810038
0.03125,0.03125,0.0610122
0.015625,0.015625,0.0430622
0.0078125,0.0078125,0.0287565
0.00390625,0.00390625,0.0182
0.00195312,0.00195312,0.0109319
0.000976562,0.000976562,0.00624934
0.000488281,0.000488281,0.003419
0.000244141,0.000244141,0.00180596
0.00012207,0.00012207,0.000931011
6.10352e-05,6.10352e-05,0.000473033
3.05176e-05,3.05176e-05,0.00023846
1.52588e-05,1.52588e-05,0.000119723
