h,tau,error
0.125,0.125,0.113546
0.0625,0.0625,0.0913415
0.03125,0.03125,0.0703313
0.015625,0.015625,0.0508042
0.0078125,0.0078125,0.0347629
0.00390625,0.00390625,0.0225263
0.00195312,0.00195312,0.0138462
0.000976562,0.000976562,0.00808971
0.000488281,0.000488281,0.00451127
0.000244141,0.000244141,0.00241857
0.00012207,0.00012207,0.00125922
6.10352e-05,6.10352e-05,0.000643461
3.05176e-05,3.05176e-05,0.000325361
1.52588e-05,1.52588e-05,0.000163608
