h,tau,error
0.03125,0.03125,0.260331
0.015625,0.015625,0.213008
0.0078125,0.0078125,0.163274
0.00390625,0.00390625,0.108945
0.00195312,0.00195312,0.0855239
0.000976562,0.000976562,0.0649156
0.000488281,0.000488281,0.046372
0.000244141,0.000244141,0.0312946
0.00012207,0.00012207,0.0200078
6.10352e-05,6.10352e-05,0.0121397
3.05176e-05,3.05176e-05,0.00700919
