h,tau,error
0.03125,0.03125,0.243706
0.015625,0.015625,0.19296
0.0078125,0.0078125,0.140857
0.00390625,0.00390625,0.102
0.00195312,0.00195312,0.0831952
0.000976562,0.000976562,0.0627514
0.000488281,0.000488281,0.0445293
0.000244141,0.000244141,0.0298725
0.00012207,0.00012207,0.0189893
6.10352e-05,6.10352e-05,0.0114603
3.05176e-05,3.05176e-05,0.00658521
