h,tau,error
0.125,0.125,0.100088
0.0625,0.0625,0.0850862
0.03125,0.03125,0.0654957
0.015625,0.015625,0.0472461
0.0078125,0.0078125,0.0320776
0.00390625,0.00390625,0.0206149
0.00195312,0.00195312,0.0125649
0.000976562,0.000976562,0.00728622
0.000488281,0.000488281,0.00403904
0.000244141,0.000244141,0.00215637
0.00012207,0.00012207,0.00111988
6.10352e-05,6.10352e-05,0.000571491
3.05176e-05,3.05176e-05,0.000288778
1.52588e-05,1.52588e-05,0.000145165
