h,tau,error
0.125,0.125,0.0557062
0.0625,0.0625,0.0306226
0.03125,0.03125,0.0149624
0.015625,0.015625,0.00585148
0.0078125,0.0078125,0.0017821
0.00390625,0.00390625,0.000589163
0.00195312,0.00195312,0.000166126
0.000976562,0.000976562,4.15539e-05
0.000488281,0.000488281,1.02676e-05
0.000244141,0.000244141,2.56135e-06
0.00012207,0.00012207,6.40005e-07
6.10352e-05,6.10352e-05,1.5998e-07
3.05176e-05,3.05176e-05,3.99938e-08
1.52588e-05,1.52588e-05,9.99836e-09
