h,tau,error
0.03125,0.00390625,62.6121
0.015625,0.00390625,8.19965e+06
