h,tau,error
0.00390625,0.03125,1.64262e+37
0.00390625,0.015625,1.64262e+37
