h,tau,error
0.00390625,0.03125,3.32651e+135
0.00390625,0.015625,7.75096e+157
