h,tau,error
0.03125,0.00390625,0.317158
0.015625,0.00390625,11.3922
