h,tau,error
0.00390625,0.03125,2.07513e+99
0.00390625,0.015625,5.45493e+109
