h,tau,error
0.03125,0.03125,1.74705e+112
0.015625,0.015625,1.29832e+31
0.0078125,0.0078125,3.3806e+65
0.00390625,0.00390625,8.68322e+134
