h,tau,error
0.03125,0.03125,1.52942e+137
0.015625,0.015625,9.12431e+37
0.0078125,0.0078125,3.19924e+78
0.00390625,0.00390625,1.46493e+160
