h,tau,error
0.03125,0.00390625,4.29526e+07
0.015625,0.00390625,9.25263e+18
