h,tau,error
0.03125,0.03125,2.75381e+60
0.015625,0.015625,9.24818e+18
0.0078125,0.0078125,1.34142e+41
0.00390625,0.00390625,1.09222e+86
