h,tau,error
0.03125,0.03125,44898.5
0.015625,0.015625,8.28732e+12
0.0078125,0.0078125,8.90596e+28
0.00390625,0.00390625,4.07593e+61
