h,tau,error
0.03125,0.03125,3.95761e+88
0.015625,0.015625,1.08105e+25
0.0078125,0.0078125,2.10375e+53
0.00390625,0.00390625,3.04334e+110
