h,tau,error
0.03125,0.00390625,4.21364e+10
0.015625,0.00390625,1.08159e+25
