h,tau,error
0.03125,0.03125,0.301678
0.015625,0.015625,11.349
0.0078125,0.0078125,59316.4
0.00390625,0.00390625,8.32409e+12
