h,tau,error
0.03125,0.00390625,0
0.015625,0.00390625,0
