h,tau,error
0.00390625,0.03125,1.93578e+60
0.00390625,0.015625,4.07593e+61
