h,tau,error
0.03125,0.00390625,47266.6
0.015625,0.00390625,8.29109e+12
