h,tau,error
0.00390625,0.03125,2.48135e+117
0.00390625,0.015625,7.56397e+133
