h,tau,error
0.00390625,0.03125,0
0.00390625,0.015625,0
