h,tau,error
0.00390625,0.03125,8.32409e+12
0.00390625,0.015625,8.32409e+12
