h,tau,error
0.03125,0.03125,61.4061
0.015625,0.015625,8.19655e+06
0.0078125,0.0078125,6.40983e+16
0.00390625,0.00390625,1.64262e+37
