h,tau,error
0.03125,0.00390625,2.59902e+17
0.015625,0.00390625,9.12921e+37
