h,tau,error
0.00390625,0.03125,2.99557e+80
0.00390625,0.015625,1.09222e+86
