h,tau,error
0.03125,0.00390625,4.30077e+13
0.015625,0.00390625,1.29898e+31
